﻿<?xml version="1.0" encoding="utf-8"?>
<RoleModel xmlns:xsi="http://www.w3.org/2001/XMLSchema-instance" xmlns:xsd="http://www.w3.org/2001/XMLSchema" name="WorkerRole1" version="1.7.30602.1703" xmlns="http://schemas.microsoft.com/ServiceHosting/2008/10/ServiceDefinition">
  <Startup>
    <Task commandLine="DiagnosticsAgent.exe" taskType="background" relativePath="plugins\Diagnostics">
      <Environment>
        <Variable name="RdModuleName" value="Diagnostics" />
        <Variable name="WaRoleType" value="WorkerRole" />
      </Environment>
    </Task>
    <Task commandLine="DiagnosticsAgent.exe /blockStartup" relativePath="plugins\Diagnostics">
      <Environment>
        <Variable name="RdModuleName" value="Diagnostics" />
        <Variable name="WaRoleType" value="WorkerRole" />
      </Environment>
    </Task>
    <Task commandLine="RemoteAccessAgent.exe" executionContext="elevated" taskType="background" relativePath="plugins\RemoteAccess">
      <Environment>
        <Variable name="RdModuleName" value="RemoteAccess" />
        <Variable name="WaRoleType" value="WorkerRole" />
      </Environment>
    </Task>
    <Task commandLine="RemoteAccessAgent.exe /blockStartup" executionContext="elevated" relativePath="plugins\RemoteAccess">
      <Environment>
        <Variable name="RdModuleName" value="RemoteAccess" />
        <Variable name="WaRoleType" value="WorkerRole" />
      </Environment>
    </Task>
    <Task commandLine="install.cmd" executionContext="elevated" relativePath="plugins\RemoteForwarder">
      <Environment>
        <Variable name="IsEmulated">
          <RoleInstanceValue xpath="/RoleEnvironment/Deployment/@emulated" />
        </Variable>
        <Variable name="RdModuleName" value="RemoteForwarder" />
        <Variable name="WaRoleType" value="WorkerRole" />
      </Environment>
    </Task>
  </Startup>
  <Runtime>
    <EntryPoint>
      <NetFxEntryPoint assemblyName="WorkerRole1.dll" targetFrameworkVersion="v3.5" />
    </EntryPoint>
  </Runtime>
  <ConfigurationSettings>
    <Setting name="ConnectionString" nameSpace="Microsoft.WindowsAzure.Plugins.Diagnostics" />
    <Setting name="Enabled" nameSpace="Microsoft.WindowsAzure.Plugins.RemoteAccess" />
    <Setting name="AccountUsername" nameSpace="Microsoft.WindowsAzure.Plugins.RemoteAccess" />
    <Setting name="AccountEncryptedPassword" nameSpace="Microsoft.WindowsAzure.Plugins.RemoteAccess" />
    <Setting name="AccountExpiration" nameSpace="Microsoft.WindowsAzure.Plugins.RemoteAccess" />
    <Setting name="Enabled" nameSpace="Microsoft.WindowsAzure.Plugins.RemoteForwarder" />
  </ConfigurationSettings>
  <Properties>
    <Property name="TargetFrameworkVersion" value="v4.0" />
    <Property name="RoleType" value="Worker" />
    <Property name="RoleName" value="WorkerRole1" />
    <Property name="ProjectName" value="WorkerRole1" />
    <Property name="Configuration" value="Release" />
    <Property name="Platform" value="AnyCPU" />
    <Property name="RoleTargetFramework" value="v4.0" />
    <Property name="OutputDir" value="C:\Users\bwhite\Documents\Visual Studio 11\Projects\Apress.Chapter13\Apress.Chapter13\obj\Release\WorkerRole1\" />
    <Property name="EntryPoint" value="WorkerRole1.dll" />
    <Property name="SourceDir" value="" />
    <Property name="SitePhysicalPath" value="" />
    <Property name="TargetRuntimeVersion" value="v4.0" />
  </Properties>
</RoleModel>